,важность
i_available,29.24576521748624
ui_days_since_last,6.680305789132307
ui_carts,4.802271268607268
ui_in_last_session,4.5019312251018695
i_cart_rate,4.4859938944082325
i_views,3.8035917288718655
i_days_since_last,3.7553736278787584
u_cart_rate,3.4718278659487787
ui_views,3.156994403956358
c_views,2.8793561068610583
i_trend,2.701411883734544
uc_share,2.464883105274856
u_events_per_session,2.388025522100459
ui_days_since_first,2.2373438522577236
u_days_since_last,2.16606605520426
ui_view_share,2.0879958522121727
u_sessions,1.9137150605734476
i_rank_in_cat,1.8205718750980588
u_days_since_first,1.5595496408426053
ui_sessions,1.2760664001000783
i_price,1.1223981705886306
u_days,1.108503680281217
u_views,1.0612082188656349
u_carts,1.040267375965207
i_trans_rate,0.9821817705544753
u_items,0.9447547807457787
i_carts,0.9385630817798387
c_trans,0.9353502222095695
ui_trans,0.7246831450656113
i_users,0.7107861766916119
i_views_7d,0.6791657371071661
i_days_since_first,0.6018425745610344
i_category,0.5304733823415254
i_trans,0.4941262699323658
i_root,0.2677721442235286
i_depth,0.24740025352919884
u_trans,0.2114826399066557
